{
  "description": "Example FLORIS Input file",
  "farm": {
    "description": "Example IEA 15 MW Wind Farm",
    "name": "iea_15_example",
    "properties": {
      "air_density": 1.225,
      "layout_x": [
        0.0,
        1000.0
      ],
      "layout_y": [
        0.0,
        0.0
      ],
      "specified_wind_height": 150.0,
      "turbulence_intensity": [
        0.06
      ],
      "wind_direction": [
        270.0
      ],
      "wind_shear": 0.12,
      "wind_speed": [
        8.0
      ],
      "wind_veer": 0.0,
      "wind_x": [
        0
      ],
      "wind_y": [
        0
      ]
    },
    "type": "farm"
  },
  "floris_version": "v2.0.0",
  "logging": {
    "console": {
      "enable": true,
      "level": "INFO"
    },
    "file": {
      "enable": false,
      "level": "INFO"
    }
  },
  "name": "floris_input_file_Example",
  "turbine": {
    "description": "IEA 15MW",
    "name": "iea_15MW",
    "properties": {
      "TSR": 9.0,
      "blade_count": 3,
      "blade_pitch": 0.0,
      "generator_efficiency": 1.0,
      "hub_height": 150.0,
      "pP": 1.88,
      "pT": 1.88,
      "power_thrust_table": {
        "power": [
          0.09331,
          0.25314,
          0.33415,
          0.38052,
          0.39738,
          0.41089,
          0.42102,
          0.442,
          0.44592,
          0.44907,
          0.45054,
          0.45122,
          0.45189,
          0.45302,
          0.45393,
          0.45465,
          0.45476,
          0.45482,
          0.45485,
          0.45488,
          0.45489,
          0.45491,
          0.45492,
          0.45491,
          0.45492,
          0.45498,
          0.45501,
          0.45504,
          0.45504,
          0.45505,
          0.45507,
          0.45513,
          0.45512,
          0.45245,
          0.43988,
          0.43742,
          0.43498,
          0.43256,
          0.43016,
          0.42968,
          0.42944,
          0.42932,
          0.4292,
          0.42908,
          0.42903,
          0.42777,
          0.4161,
          0.40485,
          0.37845,
          0.3543,
          0.33216,
          0.31182,
          0.24526,
          0.19636,
          0.15964,
          0.10052,
          0.06733,
          0.04728,
          0.03447
        ],
        "thrust": [
          0.819748943,
          0.801112031,
          0.808268424,
          0.821910918,
          0.822876237,
          0.823265981,
          0.830989358,
          0.834932456,
          0.833618598,
          0.83180478,
          0.829011103,
          0.826909201,
          0.824740997,
          0.820429675,
          0.816176257,
          0.811200233,
          0.809740903,
          0.808780765,
          0.808102306,
          0.807566626,
          0.807251977,
          0.80662442,
          0.806495512,
          0.806806173,
          0.806651158,
          0.805469658,
          0.804571567,
          0.803949121,
          0.803904895,
          0.803708734,
          0.80345211,
          0.801706154,
          0.801777393,
          0.768657554,
          0.70731525,
          0.698507743,
          0.690211963,
          0.682335591,
          0.674835939,
          0.673371183,
          0.672646111,
          0.672283185,
          0.671921569,
          0.671564033,
          0.671386994,
          0.667639697,
          0.635292304,
          0.607277698,
          0.548965866,
          0.501379105,
          0.460982977,
          0.425965654,
          0.32116631,
          0.2511023,
          0.201415182,
          0.125653944,
          0.08506697,
          0.061026446,
          0.045814967
        ],
        "wind_speed": [
          2.999999831,
          3.499999916,
          4,
          4.500000084,
          4.750000126,
          5.000000169,
          5.249999874,
          5.999999663,
          6.199999966,
          6.40000027,
          6.499999747,
          6.55000016,
          6.599999899,
          6.700000051,
          6.800000202,
          6.900000354,
          6.919999845,
          6.929999928,
          6.94000001,
          6.950000093,
          6.960000175,
          6.969999584,
          6.980000341,
          6.989999749,
          6.999999831,
          7.499999916,
          8,
          8.500000084,
          9.000000169,
          9.500000253,
          10.00000034,
          10.2499997,
          10.49999975,
          10.60000057,
          10.70000005,
          10.72000022,
          10.73999971,
          10.76000055,
          10.78000004,
          10.78400034,
          10.78600049,
          10.78699989,
          10.78799997,
          10.78899937,
          10.78950042,
          10.8000002,
          10.89999968,
          10.99999983,
          11.24999987,
          11.50000059,
          11.75000063,
          11.99999933,
          12.99999949,
          13.99999966,
          14.99999983,
          17.50000025,
          20.00000067,
          22.49999975,
          24.99999882
        ]
      },
      "rotor_diameter": 240.0,
      "tilt_angle": 0.0,
      "use_points_on_perimeter": false,
      "yaw_angle": 0.0
    },
    "type": "turbine"
  },
  "type": "floris_input",
  "wake": {
    "description": "wake",
    "name": "wake_default",
    "properties": {
      "combination_model": "sosfs",
      "deflection_model": "gauss",
      "parameters": {
        "wake_deflection_parameters": {
          "gauss": {
            "dm": 1.0,
            "use_secondary_steering": true
          }
        },
        "wake_turbulence_parameters": {
          "crespo_hernandez": {
            "ai": 0.75,
            "constant": 0.9,
            "downstream": -0.325,
            "initial": 0.5
          }
        },
        "wake_velocity_parameters": {
          "gauss_legacy": {
            "calculate_VW_velocities": true,
            "ka": 0.38,
            "kb": 0.004,
            "use_yaw_added_recovery": true
          }
        }
      },
      "turbulence_model": "crespo_hernandez",
      "velocity_model": "gauss_legacy"
    },
    "type": "wake"
  }
}
